algorithm,parameters,requested_k,n_records,n_clusters,silhouette,davies_bouldin,calinski_harabasz,ari,nmi,ami,fowlkes_mallows,homogeneity,completeness,v_measure,purity
Consensus,"k=2,linkage=average",2,2500,2,0.8264262802538963,0.35393394286155666,153.01838364327142,0.4984469116037456,0.3709361204065082,0.3702454332044394,0.998397116931514,0.30463533358162126,0.4741245040436679,0.3709361204065082,0.9984
Consensus,"k=3,linkage=average",3,2500,3,0.14915417571789197,1.5523129012008603,137.9509460718563,0.016136332343786162,0.030207241001797544,0.028841873479895478,0.9235227891017412,0.31140276283799034,0.015873515919548498,0.030207241001797544,0.9984
Consensus,"k=4,linkage=average",4,2500,4,0.03770097420459459,2.721525196545257,122.21737876126593,0.0016915716186420673,0.011337522577126334,0.010317353996262931,0.6959829497023068,0.34336591676616707,0.005763920084026706,0.011337522577126332,0.9984
Consensus,"k=5,linkage=average",5,2500,5,0.0372264259980447,2.8971805723573616,113.13694571083361,0.0011241261851280713,0.007713022738690671,0.006627131480880741,0.5502606447040972,0.3435391212956915,0.0039002954180639747,0.00771302273869067,0.9984
Consensus,"k=6,linkage=average",6,2500,6,0.0469827506368261,3.0370431745155972,100.98990585791758,0.0013408931819773075,0.008075042739147963,0.006862892471347916,0.5359502373954588,0.39033417766842254,0.004079721006935468,0.008075042739147961,0.9984
Consensus,"k=7,linkage=average",7,2500,7,0.03410662160380303,3.0912203574817103,88.05202659321893,0.0011969753238604394,0.0076678155214908285,0.0063792186425335375,0.5254017404267158,0.3903341776684389,0.00387193839063712,0.0076678155214908285,0.9984
Consensus,"k=8,linkage=average",8,2500,8,0.030596460351014706,3.431171470724843,78.27785606015979,0.0009865220628359535,0.007057653454952124,0.005652229257068321,0.50895332998517,0.3903341776684389,0.0035610202274942407,0.007057653454952125,0.9984
