cluster,size,fraud_count,fraud_rate,global_fraud_rate,fraud_lift
0,3,2,0.6666666666666666,0.002,333.3333333333333
1,2497,3,0.0012014417300760913,0.002,0.6007208650380457
