representation,StandardScaler,RobustScaler,PCA_of_Standard
StandardScaler,1.0,0.4426631079921823,0.5983635606266562
RobustScaler,0.4426631079921823,1.0,0.45884689891463487
PCA_of_Standard,0.5983635606266562,0.45884689891463487,1.0
