representation,n_features,silhouette,inertia
StandardScaler,31,0.8436660695730749,75310.88896214984
RobustScaler,31,0.8581346964560752,120659.90426025225
PCA_of_Standard,28,0.8338023149376125,71692.6383421317
