{
  "status": "completed",
  "elapsed_seconds": 71.657229792,
  "elapsed_minutes": 1.1942871631999998,
  "random_seed": 42,
  "raw_rows": 284807,
  "clean_rows": 283726,
  "feature_count": 31,
  "pca_components": 28
}