{
  "status": "completed",
  "elapsed_seconds": 67.026284041,
  "elapsed_minutes": 1.1171047340166667,
  "random_seed": 42,
  "raw_rows": 284807,
  "clean_rows": 283726,
  "feature_count": 31,
  "pca_components": 28
}