,count,mean,std,min,1%,5%,25%,50%,75%,95%,99%,max,skewness,kurtosis,iqr
V1,283726.0,0.005917149836165761,1.948026141625471,-56.407509631329,-6.498965507238707,-2.881364977740245,-0.9159513307412135,0.020384054673383903,1.31606775368132,2.081438067112145,2.23732516267635,2.45492999121121,-3.273271248440309,32.727332486912616,2.232019084422533
V2,283726.0,-0.0041347556281216905,1.6467029642463507,-72.7157275629303,-4.9606664765403075,-1.9733538911176225,-0.6003205657226367,0.0639491720686272,0.8002828928387605,1.7960859381553074,3.76634038724265,22.0577289904909,-4.6951619005404694,96.89817284108402,1.4006034585613971
V3,283726.0,0.0016131193558786181,1.5086819162059164,-48.3255893623954,-3.9507808677001472,-2.38603472578701,-0.8896820047070662,0.1799627277579035,1.0269599742860676,2.0620833655657527,2.7258746053059224,9.38255843282114,-2.151983957099713,25.186530332025544,1.9166419789931337
V4,283726.0,-0.0029663077203488635,1.4141840144475144,-5.68317119816995,-3.12426446868992,-2.1980942618526425,-0.8501344664392158,-0.0222480167048314,0.739646964483283,2.556595344324455,4.24440019432415,16.8753440335975,0.6715041706728241,2.6187796082631523,1.589781430922499
V10,283726.0,-0.0014407104850314848,1.0764073501381102,-24.5882624372475,-2.091203553168365,-1.3383668738339551,-0.5355781093043295,-0.09323652620247,0.4536187284492523,1.5461764231846775,3.1908465282777727,23.7451361206545,1.2529670787468168,29.84389915172341,0.9891968377535818
V14,283726.0,0.0002523173005216223,0.9522150900331083,-19.2143254902614,-2.7820097633075274,-1.4372132854955775,-0.425732465586286,0.05020867775725035,0.492335540901136,1.39195658138665,2.1462235478424376,10.5267660517847,-1.9188037137586451,23.041488348278563,0.918068006487422
V17,283726.0,0.00017016094454838166,0.8425073207466596,-25.1627993693248,-1.34719896902259,-0.9827732648229043,-0.483927580381912,-0.0658669329326605,0.3989717123472575,1.2725441183298924,2.2853385086079925,9.25352625047285,-3.690497194148406,93.32310102717571,0.8828992927291694
Amount_log1p,283726.0,3.153760486359831,1.6570800045442613,0.0,0.11332868530700317,0.6523251860396903,1.8870696490323797,3.1354942159291497,4.363226005210164,5.903555037900672,6.927523591639674,10.153941165977784,0.16141018223366638,-0.6413326427202617,2.476156356177784
