,KMeans,Hierarchical,DBSCAN,GMM
KMeans,1.0,-0.0003030895691132924,0.003356786742141708,0.08515716090177758
Hierarchical,-0.0003030895691132924,1.0,0.07631918329538082,0.00015082536532194985
DBSCAN,0.003356786742141708,0.07631918329538082,1.0,0.003527187116418595
GMM,0.08515716090177758,0.00015082536532194985,0.003527187116418595,1.0
