k,gap,standard_error,real_log_dispersion
2,3.802710568584592,0.0025989108797323727,12.0243675583649
3,3.7848017754428707,0.001601828865021636,11.984609556724058
4,3.772820859145229,0.0034695356817447814,11.955201416897689
5,3.777273624902616,0.00048198406672562397,11.928081929165755
6,3.806338943012694,0.0013783318147513595,11.877199726255636
7,3.8188518981527135,0.0036165322629659134,11.847076267724324
8,3.821045782536004,0.002978838832645205,11.83025147171173
